<?xml version="1.0" encoding="UTF-8"?>
<metadata xml:lang="en"><Esri><CreaDate>20211003</CreaDate><CreaTime>14353100</CreaTime><ArcGISFormat>1.0</ArcGISFormat><SyncOnce>TRUE</SyncOnce><DataProperties><lineage><Process ToolSource="c:\program files (x86)\arcgis\desktop10.5\ArcToolbox\Toolboxes\Spatial Analyst Tools.tbx\Reclassify" Date="20211003" Time="143531">Reclassify curvature VALUE "-23564.013672 -2668.147036 3;-2668.147036 3053.340257 2;3053.340257 39869.867188 1" "C:\Users\hasitha\Desktop\Final\Factor Maps\Curvature Map\curvature" DATA</Process></lineage></DataProperties></Esri></metadata>
