<?xml version="1.0" encoding="UTF-8"?>
<metadata xml:lang="en"><Esri><CreaDate>20211001</CreaDate><CreaTime>23471700</CreaTime><ArcGISFormat>1.0</ArcGISFormat><SyncOnce>TRUE</SyncOnce><DataProperties><lineage><Process ToolSource="c:\program files (x86)\arcgis\desktop10.5\ArcToolbox\Toolboxes\Conversion Tools.tbx\FeatureToRaster" Date="20211001" Time="234717">FeatureToRaster StreamSHPmap ENGTYPE_1 "C:\Users\hasitha\Desktop\Final\Factor Maps\Disatance to Stream Map\Last raster map\Stream" badulla</Process></lineage></DataProperties></Esri></metadata>
