<?xml version="1.0" encoding="UTF-8"?>
<metadata xml:lang="en"><Esri><CreaDate>20211003</CreaDate><CreaTime>14210400</CreaTime><ArcGISFormat>1.0</ArcGISFormat><SyncOnce>TRUE</SyncOnce><DataProperties><lineage><Process ToolSource="c:\program files (x86)\arcgis\desktop10.5\ArcToolbox\Toolboxes\Spatial Analyst Tools.tbx\Reclassify" Date="20211003" Time="142104">Reclassify litho VALUE "0 10 5;10 21 4;21 33 2;33 47 1;47 58 3" "C:\Users\hasitha\Desktop\Final\Factor Maps\Lithology Map\Litho" DATA</Process></lineage></DataProperties></Esri></metadata>
