<?xml version="1.0" encoding="UTF-8"?>
<metadata xml:lang="en"><Esri><CreaDate>20211001</CreaDate><CreaTime>23404100</CreaTime><ArcGISFormat>1.0</ArcGISFormat><SyncOnce>TRUE</SyncOnce><DataProperties><lineage><Process ToolSource="c:\program files (x86)\arcgis\desktop10.5\ArcToolbox\Toolboxes\Conversion Tools.tbx\PolygonToRaster" Date="20211001" Time="234041">PolygonToRaster LanduseSHPmap FID "C:\Users\hasitha\Desktop\Final\Factor Maps\Landuse Map\Last raster map\Landuse" CELL_CENTER NONE badulla</Process></lineage></DataProperties></Esri></metadata>
