<?xml version="1.0" encoding="UTF-8"?>
<metadata xml:lang="en"><Esri><CreaDate>20211002</CreaDate><CreaTime>18101800</CreaTime><ArcGISFormat>1.0</ArcGISFormat><SyncOnce>TRUE</SyncOnce><DataProperties><lineage><Process ToolSource="c:\program files (x86)\arcgis\desktop10.5\ArcToolbox\Toolboxes\Spatial Analyst Tools.tbx\WeightedOverlay" Date="20211002" Time="181018">WeightedOverlay "('reslope' 20 'VALUE' (1 1; 2 2; 3 3; 4 4; 5 5;NODATA NODATA); 'ReRainfall' 25 'VALUE' (1 1; 2 2; 3 3; 4 4; 5 5;NODATA NODATA); 'relanduse' 5 'VALUE' (1 1; 2 2; 3 3; 4 4; 5 5;NODATA NODATA); 'reelevation' 15 'VALUE' (1 1; 2 2; 3 3; 4 4; 5 5;NODATA NODATA); 'restream' 15 'VALUE' (1 1; 2 2;NODATA NODATA); 'reinventory' 20 'VALUE' (1 1; 2 2; 3 3; 4 4; 5 5;NODATA NODATA));1 9 1" "C:\Users\hasitha\Desktop\Final\Risk Map\Weighted Overlay\With Inventory\Projected\LandslideRisk"</Process></lineage></DataProperties></Esri></metadata>
