<?xml version="1.0" encoding="UTF-8"?>
<metadata xml:lang="en"><Esri><CreaDate>20211002</CreaDate><CreaTime>15494500</CreaTime><ArcGISFormat>1.0</ArcGISFormat><SyncOnce>TRUE</SyncOnce><DataProperties><lineage><Process ToolSource="c:\program files (x86)\arcgis\desktop10.5\ArcToolbox\Toolboxes\Spatial Analyst Tools.tbx\Reclassify" Date="20211002" Time="154945">Reclassify reslope VALUE "1 1;2 2;3 3;4 4;5 5" "C:\Users\hasitha\Desktop\Final\Factor Maps\Slope Map\Reclassified\ReSlope" DATA</Process></lineage></DataProperties></Esri></metadata>
