<?xml version="1.0" encoding="UTF-8"?>
<metadata xml:lang="en"><Esri><CreaDate>20211002</CreaDate><CreaTime>00151000</CreaTime><ArcGISFormat>1.0</ArcGISFormat><SyncOnce>TRUE</SyncOnce><DataProperties><lineage><Process ToolSource="c:\program files (x86)\arcgis\desktop10.5\ArcToolbox\Toolboxes\3D Analyst Tools.tbx\Reclassify" Date="20211002" Time="001510">Reclassify Landuse VALUE "0 175 3;175 384 2;384 513 5;513 674 1;674 689 4" "C:\Users\hasitha\Desktop\Final\Factor Maps\Landuse Map\Last raster map\Reclassified\ReLanduse" DATA</Process></lineage></DataProperties></Esri></metadata>
