<?xml version="1.0" encoding="UTF-8"?>
<metadata xml:lang="en"><Esri><CreaDate>20211001</CreaDate><CreaTime>23583800</CreaTime><ArcGISFormat>1.0</ArcGISFormat><SyncOnce>TRUE</SyncOnce><DataProperties><lineage><Process ToolSource="c:\program files (x86)\arcgis\desktop10.5\ArcToolbox\Toolboxes\Spatial Analyst Tools.tbx\Reclassify" Date="20211001" Time="235838">Reclassify Stream VALUE "1 1;2 2" "C:\Users\hasitha\Desktop\Final\Factor Maps\Disatance to Stream Map\Last raster map\Reclassified\ReStream" DATA</Process></lineage></DataProperties></Esri></metadata>
